Channel;Device;Gate ID;N ID;Address;Description;Measure;Variable type;Tolerance;Min. value;Max. value;Start value;Tolerance Gate Type;Tolerance Gate ID;Tolerance Gate N ID;Measured val. 1;Engineering val. 1;Measured val. 2;Engineering val. 2;Decimal digits;Sample;Sample frequency (s);Read block;Record on historical file;Enable writing to device;Access groups;Apply decimal digits conversion;From gate;Decimal Digits Gate Type;Decimal Digits Gate ID;Decimal Digits N Id
0;0;NUMGate;0;;Name_Debit vapeur Total;;DOUBLE;;0;0;0;;;;0;0;1;1;1;Never;;;F;F;0;F;F;;;
0;0;NUMGate;1;;Name_Qualite;;DOUBLE;;0;0;0;;;;0;0;1;1;1;Never;;;F;F;0;F;F;;;
0;0;NUMGate;2;;Name_Temperature;;DOUBLE;;0;0;0;;;;0;0;1;1;1;Never;;;F;F;0;F;F;;;
0;0;NUMGate;3;;Name_Pression;;DOUBLE;;0;0;0;;;;0;0;1;1;1;Never;;;F;F;0;F;F;;;
0;0;NUMGate;4;;Name_Debit Instantane;;DOUBLE;;0;0;0;;;;0;0;1;1;1;Never;;;F;F;0;F;F;;;
0;0;NUMGate;5;;Name_Debit Vapeur in Batch (Lot);;DOUBLE;;0;0;0;;;;0;0;1;1;1;Never;;;F;F;0;F;F;;;
0;0;NUMGate;6;;Name_INC Vapeur in Batch (Lot);;DOUBLE;;0;0;0;;;;0;0;1;1;1;Never;;;F;F;0;F;F;;;
0;0;NUMGate;7;;Name_Ratio Vapeur in Batch (Lot);;DOUBLE;;0;0;0;;;;0;0;1;1;1;Never;;;F;F;0;F;F;;;
0;0;NUMGate;8;;Name_Debit Vapeur in Last Batch (Lot);;DOUBLE;;0;0;0;;;;0;0;1;1;1;Never;;;F;F;0;F;F;;;
0;0;NUMGate;9;;Name_INC Vapeur in Last Batch (Lot);;DOUBLE;;0;0;0;;;;0;0;1;1;1;Never;;;F;F;0;F;F;;;
0;0;NUMGate;10;;Name_Ratio Vapeur in Last Batch (Lot);;DOUBLE;;0;0;0;;;;0;0;1;1;1;Never;;;F;F;0;F;F;;;
0;0;NUMGate;11;;Name_Debit Vapeur in Day (Jour);;DOUBLE;;0;0;0;;;;0;0;1;1;1;Never;;;F;F;0;F;F;;;
0;0;NUMGate;12;;Name_INC Vapeur in Day (Jour);;DOUBLE;;0;0;0;;;;0;0;1;1;1;Never;;;F;F;0;F;F;;;
0;0;NUMGate;13;;Name_Ratio Vapeur in Day (Jour);;DOUBLE;;0;0;0;;;;0;0;1;1;1;Never;;;F;F;0;F;F;;;
0;0;NUMGate;14;;Name_Debit Vapeur in Last Day (Jour);;DOUBLE;;0;0;0;;;;0;0;1;1;1;Never;;;F;F;0;F;F;;;
0;0;NUMGate;15;;Name_INC Vapeur in Last Day (Jour);;DOUBLE;;0;0;0;;;;0;0;1;1;1;Never;;;F;F;0;F;F;;;
0;0;NUMGate;16;;Name_Ratio Vapeur in Last Day (Jour);;DOUBLE;;0;0;0;;;;0;0;1;1;1;Never;;;F;F;0;F;F;;;
0;0;NUMGate;17;;Name_Debit Vapeur in Week (Semaine);;DOUBLE;;0;0;0;;;;0;0;1;1;1;Never;;;F;F;0;F;F;;;
0;0;NUMGate;18;;Name_INC Vapeur in Week (Semaine);;DOUBLE;;0;0;0;;;;0;0;1;1;1;Never;;;F;F;0;F;F;;;
0;0;NUMGate;19;;Name_Ratio Vapeur in Week (Semaine);;DOUBLE;;0;0;0;;;;0;0;1;1;1;Never;;;F;F;0;F;F;;;
0;0;NUMGate;20;;Name_Debit Vapeur in Last Week (Semaine);;DOUBLE;;0;0;0;;;;0;0;1;1;1;Never;;;F;F;0;F;F;;;
0;0;NUMGate;21;;Name_INC Vapeur in Last Week (Semaine);;DOUBLE;;0;0;0;;;;0;0;1;1;1;Never;;;F;F;0;F;F;;;
0;0;NUMGate;22;;Name_Ratio Vapeur in Last Week (Semaine);;DOUBLE;;0;0;0;;;;0;0;1;1;1;Never;;;F;F;0;F;F;;;
0;0;NUMGate;23;;Name_Debit Vapeur in Month (Mois);;DOUBLE;;0;0;0;;;;0;0;1;1;1;Never;;;F;F;0;F;F;;;
0;0;NUMGate;24;;Name_INC Vapeur in Month (Mois);;DOUBLE;;0;0;0;;;;0;0;1;1;1;Never;;;F;F;0;F;F;;;
0;0;NUMGate;25;;Name_Ratio Vapeur in Month (Mois);;DOUBLE;;0;0;0;;;;0;0;1;1;1;Never;;;F;F;0;F;F;;;
0;0;NUMGate;26;;Name_Debit Vapeur in Last Month (Mois);;DOUBLE;;0;0;0;;;;0;0;1;1;1;Never;;;F;F;0;F;F;;;
0;0;NUMGate;27;;Name_INC Vapeur in Last Month (Mois);;DOUBLE;;0;0;0;;;;0;0;1;1;1;Never;;;F;F;0;F;F;;;
0;0;NUMGate;28;;Name_Ratio Vapeur in Last Month (Mois);;DOUBLE;;0;0;0;;;;0;0;1;1;1;Never;;;F;F;0;F;F;;;
0;0;NUMGate;29;;Name_Debit Vapeur in Year (Ans);;DOUBLE;;0;0;0;;;;0;0;1;1;1;Never;;;F;F;0;F;F;;;
0;0;NUMGate;30;;Name_INC Vapeur in Year (Ans);;DOUBLE;;0;0;0;;;;0;0;1;1;1;Never;;;F;F;0;F;F;;;
0;0;NUMGate;31;;Name_Ratio Vapeur in Year (Ans);;DOUBLE;;0;0;0;;;;0;0;1;1;1;Never;;;F;F;0;F;F;;;
0;0;NUMGate;32;;Name_Debit Vapeur in Last Year (Ans);;DOUBLE;;0;0;0;;;;0;0;1;1;1;Never;;;F;F;0;F;F;;;
0;0;NUMGate;33;;Name_INC Vapeur in Last Year (Ans);;DOUBLE;;0;0;0;;;;0;0;1;1;1;Never;;;F;F;0;F;F;;;
0;0;NUMGate;34;;Name_Ratio Vapeur in Last Year (Ans);;DOUBLE;;0;0;0;;;;0;0;1;1;1;Never;;;F;F;0;F;F;;;
0;0;NUMGate;35;;Name_Temp moy in Batch;;DOUBLE;;0;0;0;;;;0;0;1;1;1;Never;;;F;F;0;F;F;;;
0;0;NUMGate;36;;Name_Temp moy in Batch-1;;DOUBLE;;0;0;0;;;;0;0;1;1;1;Never;;;F;F;0;F;F;;;
0;0;NUMGate;37;;Name_Temp moy in Jour;;DOUBLE;;0;0;0;;;;0;0;1;1;1;Never;;;F;F;0;F;F;;;
0;0;NUMGate;38;;Name_Temp moy in Jour-1;;DOUBLE;;0;0;0;;;;0;0;1;1;1;Never;;;F;F;0;F;F;;;
0;0;NUMGate;39;;Name_Temp moy in Semaine;;DOUBLE;;0;0;0;;;;0;0;1;1;1;Never;;;F;F;0;F;F;;;
0;0;NUMGate;40;;Name_Temp moy in Semaine-1;;DOUBLE;;0;0;0;;;;0;0;1;1;1;Never;;;F;F;0;F;F;;;
0;0;NUMGate;41;;Name_Temp moy in Mois;;DOUBLE;;0;0;0;;;;0;0;1;1;1;Never;;;F;F;0;F;F;;;
0;0;NUMGate;42;;Name_Temp moy in Mois-1;;DOUBLE;;0;0;0;;;;0;0;1;1;1;Never;;;F;F;0;F;F;;;
0;0;NUMGate;43;;Name_Temp moy in Ans;;DOUBLE;;0;0;0;;;;0;0;1;1;1;Never;;;F;F;0;F;F;;;
0;0;NUMGate;44;;Name_Temp moy in Ans-1;;DOUBLE;;0;0;0;;;;0;0;1;1;1;Never;;;F;F;0;F;F;;;
0;0;NUMGate;45;;Name_Temp min in Batch;;DOUBLE;;0;0;0;;;;0;0;1;1;1;Never;;;F;F;0;F;F;;;
0;0;NUMGate;46;;Name_Temp min in Batch-1;;DOUBLE;;0;0;0;;;;0;0;1;1;1;Never;;;F;F;0;F;F;;;
0;0;NUMGate;47;;Name_Temp min in Jour;;DOUBLE;;0;0;0;;;;0;0;1;1;1;Never;;;F;F;0;F;F;;;
0;0;NUMGate;48;;Name_Temp min in Jour-1;;DOUBLE;;0;0;0;;;;0;0;1;1;1;Never;;;F;F;0;F;F;;;
0;0;NUMGate;49;;Name_Temp min in Semaine;;DOUBLE;;0;0;0;;;;0;0;1;1;1;Never;;;F;F;0;F;F;;;
0;0;NUMGate;50;;Name_Temp min in Semaine-1;;DOUBLE;;0;0;0;;;;0;0;1;1;1;Never;;;F;F;0;F;F;;;
0;0;NUMGate;51;;Name_Temp min in Mois;;DOUBLE;;0;0;0;;;;0;0;1;1;1;Never;;;F;F;0;F;F;;;
0;0;NUMGate;52;;Name_Temp min in Mois-1;;DOUBLE;;0;0;0;;;;0;0;1;1;1;Never;;;F;F;0;F;F;;;
0;0;NUMGate;53;;Name_Temp min in Ans;;DOUBLE;;0;0;0;;;;0;0;1;1;1;Never;;;F;F;0;F;F;;;
0;0;NUMGate;54;;Name_Temp min in Ans-1;;DOUBLE;;0;0;0;;;;0;0;1;1;1;Never;;;F;F;0;F;F;;;
0;0;NUMGate;55;;Name_Temp max in Batch;;DOUBLE;;0;0;0;;;;0;0;1;1;1;Never;;;F;F;0;F;F;;;
0;0;NUMGate;56;;Name_Temp max in Batch-1;;DOUBLE;;0;0;0;;;;0;0;1;1;1;Never;;;F;F;0;F;F;;;
0;0;NUMGate;57;;Name_Temp max in Jour;;DOUBLE;;0;0;0;;;;0;0;1;1;1;Never;;;F;F;0;F;F;;;
0;0;NUMGate;58;;Name_Temp max in Jour-1;;DOUBLE;;0;0;0;;;;0;0;1;1;1;Never;;;F;F;0;F;F;;;
0;0;NUMGate;59;;Name_Temp max in Semaine;;DOUBLE;;0;0;0;;;;0;0;1;1;1;Never;;;F;F;0;F;F;;;
0;0;NUMGate;60;;Name_Temp max in Semaine-1;;DOUBLE;;0;0;0;;;;0;0;1;1;1;Never;;;F;F;0;F;F;;;
0;0;NUMGate;61;;Name_Temp max in Mois;;DOUBLE;;0;0;0;;;;0;0;1;1;1;Never;;;F;F;0;F;F;;;
0;0;NUMGate;62;;Name_Temp max in Mois-1;;DOUBLE;;0;0;0;;;;0;0;1;1;1;Never;;;F;F;0;F;F;;;
0;0;NUMGate;63;;Name_Temp max in Ans;;DOUBLE;;0;0;0;;;;0;0;1;1;1;Never;;;F;F;0;F;F;;;
0;0;NUMGate;64;;Name_Temp max in Ans-1;;DOUBLE;;0;0;0;;;;0;0;1;1;1;Never;;;F;F;0;F;F;;;
0;0;NUMGate;65;;Name_Debit Instantane moy in Batch;;DOUBLE;;0;0;0;;;;0;0;1;1;1;Never;;;F;F;0;F;F;;;
0;0;NUMGate;66;;Name_Debit Instantane moy in Batch-1;;DOUBLE;;0;0;0;;;;0;0;1;1;1;Never;;;F;F;0;F;F;;;
0;0;NUMGate;67;;Name_Debit Instantane moy in Jour;;DOUBLE;;0;0;0;;;;0;0;1;1;1;Never;;;F;F;0;F;F;;;
0;0;NUMGate;68;;Name_Debit Instantane moy in Jour-1;;DOUBLE;;0;0;0;;;;0;0;1;1;1;Never;;;F;F;0;F;F;;;
0;0;NUMGate;69;;Name_Debit Instantane moy in Semaine;;DOUBLE;;0;0;0;;;;0;0;1;1;1;Never;;;F;F;0;F;F;;;
0;0;NUMGate;70;;Name_Debit Instantane moy in Semaine-1;;DOUBLE;;0;0;0;;;;0;0;1;1;1;Never;;;F;F;0;F;F;;;
0;0;NUMGate;71;;Name_Debit Instantane moy in Mois;;DOUBLE;;0;0;0;;;;0;0;1;1;1;Never;;;F;F;0;F;F;;;
0;0;NUMGate;72;;Name_Debit Instantane moy in Mois-1;;DOUBLE;;0;0;0;;;;0;0;1;1;1;Never;;;F;F;0;F;F;;;
0;0;NUMGate;73;;Name_Debit Instantane moy in Ans;;DOUBLE;;0;0;0;;;;0;0;1;1;1;Never;;;F;F;0;F;F;;;
0;0;NUMGate;74;;Name_Debit Instantane moy in Ans-1;;DOUBLE;;0;0;0;;;;0;0;1;1;1;Never;;;F;F;0;F;F;;;
0;0;NUMGate;75;;Name_Debit Instantane min in Batch;;DOUBLE;;0;0;0;;;;0;0;1;1;1;Never;;;F;F;0;F;F;;;
0;0;NUMGate;76;;Name_Debit Instantane min in Batch-1;;DOUBLE;;0;0;0;;;;0;0;1;1;1;Never;;;F;F;0;F;F;;;
0;0;NUMGate;77;;Name_Debit Instantane min in Jour;;DOUBLE;;0;0;0;;;;0;0;1;1;1;Never;;;F;F;0;F;F;;;
0;0;NUMGate;78;;Name_Debit Instantane min in Jour-1;;DOUBLE;;0;0;0;;;;0;0;1;1;1;Never;;;F;F;0;F;F;;;
0;0;NUMGate;79;;Name_Debit Instantane min in Semaine;;DOUBLE;;0;0;0;;;;0;0;1;1;1;Never;;;F;F;0;F;F;;;
0;0;NUMGate;80;;Name_Debit Instantane min in Semaine-1;;DOUBLE;;0;0;0;;;;0;0;1;1;1;Never;;;F;F;0;F;F;;;
0;0;NUMGate;81;;Name_Debit Instantane min in Mois;;DOUBLE;;0;0;0;;;;0;0;1;1;1;Never;;;F;F;0;F;F;;;
0;0;NUMGate;82;;Name_Debit Instantane min in Mois-1;;DOUBLE;;0;0;0;;;;0;0;1;1;1;Never;;;F;F;0;F;F;;;
0;0;NUMGate;83;;Name_Debit Instantane min in Ans;;DOUBLE;;0;0;0;;;;0;0;1;1;1;Never;;;F;F;0;F;F;;;
0;0;NUMGate;84;;Name_Debit Instantane min in Ans-1;;DOUBLE;;0;0;0;;;;0;0;1;1;1;Never;;;F;F;0;F;F;;;
0;0;NUMGate;85;;Name_Debit Instantane max in Batch;;DOUBLE;;0;0;0;;;;0;0;1;1;1;Never;;;F;F;0;F;F;;;
0;0;NUMGate;86;;Name_Debit Instantane max in Batch-1;;DOUBLE;;0;0;0;;;;0;0;1;1;1;Never;;;F;F;0;F;F;;;
0;0;NUMGate;87;;Name_Debit Instantane max in Jour;;DOUBLE;;0;0;0;;;;0;0;1;1;1;Never;;;F;F;0;F;F;;;
0;0;NUMGate;88;;Name_Debit Instantane max in Jour-1;;DOUBLE;;0;0;0;;;;0;0;1;1;1;Never;;;F;F;0;F;F;;;
0;0;NUMGate;89;;Name_Debit Instantane max in Semaine;;DOUBLE;;0;0;0;;;;0;0;1;1;1;Never;;;F;F;0;F;F;;;
0;0;NUMGate;90;;Name_Debit Instantane max in Semaine-1;;DOUBLE;;0;0;0;;;;0;0;1;1;1;Never;;;F;F;0;F;F;;;
0;0;NUMGate;91;;Name_Debit Instantane max in Mois;;DOUBLE;;0;0;0;;;;0;0;1;1;1;Never;;;F;F;0;F;F;;;
0;0;NUMGate;92;;Name_Debit Instantane max in Mois-1;;DOUBLE;;0;0;0;;;;0;0;1;1;1;Never;;;F;F;0;F;F;;;
0;0;NUMGate;93;;Name_Debit Instantane max in Ans;;DOUBLE;;0;0;0;;;;0;0;1;1;1;Never;;;F;F;0;F;F;;;
0;0;NUMGate;94;;Name_Debit Instantane max in Ans-1;;DOUBLE;;0;0;0;;;;0;0;1;1;1;Never;;;F;F;0;F;F;;;
0;0;NUMGate;95;;Name_Qualite moy in Batch;;DOUBLE;;0;0;0;;;;0;0;1;1;1;Never;;;F;F;0;F;F;;;
0;0;NUMGate;96;;Name_Qualite moy in Batch-1;;DOUBLE;;0;0;0;;;;0;0;1;1;1;Never;;;F;F;0;F;F;;;
0;0;NUMGate;97;;Name_Qualite moy in Jour;;DOUBLE;;0;0;0;;;;0;0;1;1;1;Never;;;F;F;0;F;F;;;
0;0;NUMGate;98;;Name_Qualite moy in Jour-1;;DOUBLE;;0;0;0;;;;0;0;1;1;1;Never;;;F;F;0;F;F;;;
0;0;NUMGate;99;;Name_Qualite moy in Semaine;;DOUBLE;;0;0;0;;;;0;0;1;1;1;Never;;;F;F;0;F;F;;;
0;0;NUMGate;100;;Name_Qualite moy in Semaine-1;;DOUBLE;;0;0;0;;;;0;0;1;1;1;Never;;;F;F;0;F;F;;;
0;0;NUMGate;101;;Name_Qualite moy in Mois;;DOUBLE;;0;0;0;;;;0;0;1;1;1;Never;;;F;F;0;F;F;;;
0;0;NUMGate;102;;Name_Qualite moy in Mois-1;;DOUBLE;;0;0;0;;;;0;0;1;1;1;Never;;;F;F;0;F;F;;;
0;0;NUMGate;103;;Name_Qualite moy in Ans;;DOUBLE;;0;0;0;;;;0;0;1;1;1;Never;;;F;F;0;F;F;;;
0;0;NUMGate;104;;Name_Qualite moy in Ans-1;;DOUBLE;;0;0;0;;;;0;0;1;1;1;Never;;;F;F;0;F;F;;;
0;0;NUMGate;105;;Name_Qualite min in Batch;;DOUBLE;;0;0;0;;;;0;0;1;1;1;Never;;;F;F;0;F;F;;;
0;0;NUMGate;106;;Name_Qualite min in Batch-1;;DOUBLE;;0;0;0;;;;0;0;1;1;1;Never;;;F;F;0;F;F;;;
0;0;NUMGate;107;;Name_Qualite min in Jour;;DOUBLE;;0;0;0;;;;0;0;1;1;1;Never;;;F;F;0;F;F;;;
0;0;NUMGate;108;;Name_Qualite min in Jour-1;;DOUBLE;;0;0;0;;;;0;0;1;1;1;Never;;;F;F;0;F;F;;;
0;0;NUMGate;109;;Name_Qualite min in Semaine;;DOUBLE;;0;0;0;;;;0;0;1;1;1;Never;;;F;F;0;F;F;;;
0;0;NUMGate;110;;Name_Qualite min in Semaine-1;;DOUBLE;;0;0;0;;;;0;0;1;1;1;Never;;;F;F;0;F;F;;;
0;0;NUMGate;111;;Name_Qualite min in Mois;;DOUBLE;;0;0;0;;;;0;0;1;1;1;Never;;;F;F;0;F;F;;;
0;0;NUMGate;112;;Name_Qualite min in Mois-1;;DOUBLE;;0;0;0;;;;0;0;1;1;1;Never;;;F;F;0;F;F;;;
0;0;NUMGate;113;;Name_Qualite min in Ans;;DOUBLE;;0;0;0;;;;0;0;1;1;1;Never;;;F;F;0;F;F;;;
0;0;NUMGate;114;;Name_Qualite min in Ans-1;;DOUBLE;;0;0;0;;;;0;0;1;1;1;Never;;;F;F;0;F;F;;;
0;0;NUMGate;115;;Name_Qualite max in Batch;;DOUBLE;;0;0;0;;;;0;0;1;1;1;Never;;;F;F;0;F;F;;;
0;0;NUMGate;116;;Name_Qualite max in Batch-1;;DOUBLE;;0;0;0;;;;0;0;1;1;1;Never;;;F;F;0;F;F;;;
0;0;NUMGate;117;;Name_Qualite max in Jour;;DOUBLE;;0;0;0;;;;0;0;1;1;1;Never;;;F;F;0;F;F;;;
0;0;NUMGate;118;;Name_Qualite max in Jour-1;;DOUBLE;;0;0;0;;;;0;0;1;1;1;Never;;;F;F;0;F;F;;;
0;0;NUMGate;119;;Name_Qualite max in Semaine;;DOUBLE;;0;0;0;;;;0;0;1;1;1;Never;;;F;F;0;F;F;;;
0;0;NUMGate;120;;Name_Qualite max in Semaine-1;;DOUBLE;;0;0;0;;;;0;0;1;1;1;Never;;;F;F;0;F;F;;;
0;0;NUMGate;121;;Name_Qualite max in Mois;;DOUBLE;;0;0;0;;;;0;0;1;1;1;Never;;;F;F;0;F;F;;;
0;0;NUMGate;122;;Name_Qualite max in Mois-1;;DOUBLE;;0;0;0;;;;0;0;1;1;1;Never;;;F;F;0;F;F;;;
0;0;NUMGate;123;;Name_Qualite max in Ans;;DOUBLE;;0;0;0;;;;0;0;1;1;1;Never;;;F;F;0;F;F;;;
0;0;NUMGate;124;;Name_Qualite max in Ans-1;;DOUBLE;;0;0;0;;;;0;0;1;1;1;Never;;;F;F;0;F;F;;;
0;0;NUMGate;125;;Name_Pression moy in Batch;;DOUBLE;;0;0;0;;;;0;0;1;1;1;Never;;;F;F;0;F;F;;;
0;0;NUMGate;126;;Name_Pression moy in Batch-1;;DOUBLE;;0;0;0;;;;0;0;1;1;1;Never;;;F;F;0;F;F;;;
0;0;NUMGate;127;;Name_Pression moy in Jour;;DOUBLE;;0;0;0;;;;0;0;1;1;1;Never;;;F;F;0;F;F;;;
0;0;NUMGate;128;;Name_Pression moy in Jour-1;;DOUBLE;;0;0;0;;;;0;0;1;1;1;Never;;;F;F;0;F;F;;;
0;0;NUMGate;129;;Name_Pression moy in Semaine;;DOUBLE;;0;0;0;;;;0;0;1;1;1;Never;;;F;F;0;F;F;;;
0;0;NUMGate;130;;Name_Pression moy in Semaine-1;;DOUBLE;;0;0;0;;;;0;0;1;1;1;Never;;;F;F;0;F;F;;;
0;0;NUMGate;131;;Name_Pression moy in Mois;;DOUBLE;;0;0;0;;;;0;0;1;1;1;Never;;;F;F;0;F;F;;;
0;0;NUMGate;132;;Name_Pression moy in Mois-1;;DOUBLE;;0;0;0;;;;0;0;1;1;1;Never;;;F;F;0;F;F;;;
0;0;NUMGate;133;;Name_Pression moy in Ans;;DOUBLE;;0;0;0;;;;0;0;1;1;1;Never;;;F;F;0;F;F;;;
0;0;NUMGate;134;;Name_Pression moy in Ans-1;;DOUBLE;;0;0;0;;;;0;0;1;1;1;Never;;;F;F;0;F;F;;;
0;0;NUMGate;135;;Name_Pression min in Batch;;DOUBLE;;0;0;0;;;;0;0;1;1;1;Never;;;F;F;0;F;F;;;
0;0;NUMGate;136;;Name_Pression min in Batch-1;;DOUBLE;;0;0;0;;;;0;0;1;1;1;Never;;;F;F;0;F;F;;;
0;0;NUMGate;137;;Name_Pression min in Jour;;DOUBLE;;0;0;0;;;;0;0;1;1;1;Never;;;F;F;0;F;F;;;
0;0;NUMGate;138;;Name_Pression min in Jour-1;;DOUBLE;;0;0;0;;;;0;0;1;1;1;Never;;;F;F;0;F;F;;;
0;0;NUMGate;139;;Name_Pression min in Semaine;;DOUBLE;;0;0;0;;;;0;0;1;1;1;Never;;;F;F;0;F;F;;;
0;0;NUMGate;140;;Name_Pression min in Semaine-1;;DOUBLE;;0;0;0;;;;0;0;1;1;1;Never;;;F;F;0;F;F;;;
0;0;NUMGate;141;;Name_Pression min in Mois;;DOUBLE;;0;0;0;;;;0;0;1;1;1;Never;;;F;F;0;F;F;;;
0;0;NUMGate;142;;Name_Pression min in Mois-1;;DOUBLE;;0;0;0;;;;0;0;1;1;1;Never;;;F;F;0;F;F;;;
0;0;NUMGate;143;;Name_Pression min in Ans;;DOUBLE;;0;0;0;;;;0;0;1;1;1;Never;;;F;F;0;F;F;;;
0;0;NUMGate;144;;Name_Pression min in Ans-1;;DOUBLE;;0;0;0;;;;0;0;1;1;1;Never;;;F;F;0;F;F;;;
0;0;NUMGate;145;;Name_Pression max in Batch;;DOUBLE;;0;0;0;;;;0;0;1;1;1;Never;;;F;F;0;F;F;;;
0;0;NUMGate;146;;Name_Pression max in Batch-1;;DOUBLE;;0;0;0;;;;0;0;1;1;1;Never;;;F;F;0;F;F;;;
0;0;NUMGate;147;;Name_Pression max in Jour;;DOUBLE;;0;0;0;;;;0;0;1;1;1;Never;;;F;F;0;F;F;;;
0;0;NUMGate;148;;Name_Pression max in Jour-1;;DOUBLE;;0;0;0;;;;0;0;1;1;1;Never;;;F;F;0;F;F;;;
0;0;NUMGate;149;;Name_Pression max in Semaine;;DOUBLE;;0;0;0;;;;0;0;1;1;1;Never;;;F;F;0;F;F;;;
0;0;NUMGate;150;;Name_Pression max in Semaine-1;;DOUBLE;;0;0;0;;;;0;0;1;1;1;Never;;;F;F;0;F;F;;;
0;0;NUMGate;151;;Name_Pression max in Mois;;DOUBLE;;0;0;0;;;;0;0;1;1;1;Never;;;F;F;0;F;F;;;
0;0;NUMGate;152;;Name_Pression max in Mois-1;;DOUBLE;;0;0;0;;;;0;0;1;1;1;Never;;;F;F;0;F;F;;;
0;0;NUMGate;153;;Name_Pression max in Ans;;DOUBLE;;0;0;0;;;;0;0;1;1;1;Never;;;F;F;0;F;F;;;
0;0;NUMGate;154;;Name_Pression max in Ans-1;;DOUBLE;;0;0;0;;;;0;0;1;1;1;Never;;;F;F;0;F;F;;;
0;0;NUMGate;155;;Name_INC_Live;;DOUBLE;;0;0;0;;;;0;0;1;1;1;Never;;;F;F;0;F;F;;;
0;0;NUMGate;156;;Name_Total INC Checks;;DOUBLE;;0;0;0;;;;0;0;1;1;3;Never;;;F;F;0;T;F;;;
0;0;NUMGate;157;;Name_Conformite_B;;DOUBLE;;0;0;0;;;;0;0;1;1;3;Never;;;F;F;0;T;F;;;
0;0;NUMGate;158;;Name_Conformite_B-1;;DOUBLE;;0;0;0;;;;0;0;1;1;3;Never;;;F;F;0;T;F;;;
0;0;NUMGate;159;;Name_Conformite_J;;DOUBLE;;0;0;0;;;;0;0;1;1;3;Never;;;F;F;0;T;F;;;
0;0;NUMGate;160;;Name_Conformite_J-1;;DOUBLE;;0;0;0;;;;0;0;1;1;3;Never;;;F;F;0;T;F;;;
0;0;NUMGate;161;;Name_Conformite_S;;DOUBLE;;0;0;0;;;;0;0;1;1;3;Never;;;F;F;0;T;F;;;
0;0;NUMGate;162;;Name_Conformite_S-1;;DOUBLE;;0;0;0;;;;0;0;1;1;3;Never;;;F;F;0;T;F;;;
0;0;NUMGate;163;;Name_Conformite_M;;DOUBLE;;0;0;0;;;;0;0;1;1;3;Never;;;F;F;0;T;F;;;
0;0;NUMGate;164;;Name_Conformite_M-1;;DOUBLE;;0;0;0;;;;0;0;1;1;3;Never;;;F;F;0;T;F;;;
0;0;NUMGate;165;;Name_Conformite_A;;DOUBLE;;0;0;0;;;;0;0;1;1;3;Never;;;F;F;0;T;F;;;
0;0;NUMGate;166;;Name_Conformite_A-1;;DOUBLE;;0;0;0;;;;0;0;1;1;3;Never;;;F;F;0;T;F;;;
0;0;NUMGate;167;;Name_Som_Debit Instantane_B;;DOUBLE;;0;0;0;;;;0;0;1;1;5;Never;;;F;F;0;T;F;;;
0;0;NUMGate;168;;Name_Som_Debit Instantane_J;;DOUBLE;;0;0;0;;;;0;0;1;1;5;Never;;;F;F;0;T;F;;;
0;0;NUMGate;169;;Name_Som_Debit Instantane_S;;DOUBLE;;0;0;0;;;;0;0;1;1;5;Never;;;F;F;0;T;F;;;
0;0;NUMGate;170;;Name_Som_Debit Instantane_M;;DOUBLE;;0;0;0;;;;0;0;1;1;5;Never;;;F;F;0;T;F;;;
0;0;NUMGate;171;;Name_Som_Debit Instantane_A;;DOUBLE;;0;0;0;;;;0;0;1;1;5;Never;;;F;F;0;T;F;;;
0;0;NUMGate;172;;Name_NBR Echant Som Debit B;;DOUBLE;;0;0;0;;;;0;0;1;1;5;Never;;;F;F;0;T;F;;;
0;0;NUMGate;173;;Name_NBR Echant Som Debit J;;DOUBLE;;0;0;0;;;;0;0;1;1;5;Never;;;F;F;0;T;F;;;
0;0;NUMGate;174;;Name_NBR Echant Som Debit S;;DOUBLE;;0;0;0;;;;0;0;1;1;5;Never;;;F;F;0;T;F;;;
0;0;NUMGate;175;;Name_NBR Echant Som Debit M;;DOUBLE;;0;0;0;;;;0;0;1;1;5;Never;;;F;F;0;T;F;;;
0;0;NUMGate;176;;Name_NBR Echant Som Debit A;;DOUBLE;;0;0;0;;;;0;0;1;1;5;Never;;;F;F;0;T;F;;;
0;0;NUMGate;177;;Name_Som_Tempera_B;;DOUBLE;;0;0;0;;;;0;0;1;1;5;Never;;;F;F;0;T;F;;;
0;0;NUMGate;178;;Name_Som_Tempera_J;;DOUBLE;;0;0;0;;;;0;0;1;1;5;Never;;;F;F;0;T;F;;;
0;0;NUMGate;179;;Name_Som_Tempera_S;;DOUBLE;;0;0;0;;;;0;0;1;1;5;Never;;;F;F;0;T;F;;;
0;0;NUMGate;180;;Name_Som_Tempera_M;;DOUBLE;;0;0;0;;;;0;0;1;1;5;Never;;;F;F;0;T;F;;;
0;0;NUMGate;181;;Name_Som_Tempera_A;;DOUBLE;;0;0;0;;;;0;0;1;1;5;Never;;;F;F;0;T;F;;;
0;0;NUMGate;182;;Name_NBR Echant Som Tempera B;;DOUBLE;;0;0;0;;;;0;0;1;1;5;Never;;;F;F;0;T;F;;;
0;0;NUMGate;183;;Name_NBR Echant Som Tempera J;;DOUBLE;;0;0;0;;;;0;0;1;1;5;Never;;;F;F;0;T;F;;;
0;0;NUMGate;184;;Name_NBR Echant Som Tempera S;;DOUBLE;;0;0;0;;;;0;0;1;1;5;Never;;;F;F;0;T;F;;;
0;0;NUMGate;185;;Name_NBR Echant Som Tempera M;;DOUBLE;;0;0;0;;;;0;0;1;1;5;Never;;;F;F;0;T;F;;;
0;0;NUMGate;186;;Name_NBR Echant Som Tempera A;;DOUBLE;;0;0;0;;;;0;0;1;1;5;Never;;;F;F;0;T;F;;;
0;0;NUMGate_B-1;0;;Name_Index_Debit Vapeur in Batch (Lot);;DOUBLE;;0;0;0;;;;0;0;1;1;1;Never;;;F;F;0;F;F;;;
0;0;NUMGate_B-1;1;;Name_Index_INC Vapeur in Batch (Lot);;DOUBLE;;0;0;0;;;;0;0;1;1;1;Never;;;F;F;0;F;F;;;
0;0;NUMGate_J-1;0;;Name_Index_Debit Vapeur in Day (Jour);;DOUBLE;;0;0;0;;;;0;0;1;1;1;Never;;;F;F;0;F;F;;;
0;0;NUMGate_J-1;1;;Name_Index_INC Vapeur in Day (Jour);;DOUBLE;;0;0;0;;;;0;0;1;1;1;Never;;;F;F;0;F;F;;;
0;0;NUMGate_S-1;0;;Name_Index_Debit Vapeur in Week (Semaine);;DOUBLE;;0;0;0;;;;0;0;1;1;1;Never;;;F;F;0;F;F;;;
0;0;NUMGate_S-1;1;;Name_Index_INC Vapeur in Week (Semaine);;DOUBLE;;0;0;0;;;;0;0;1;1;1;Never;;;F;F;0;F;F;;;
0;0;NUMGate_M-1;0;;Name_Index_Debit Vapeur in Month (Mois);;DOUBLE;;0;0;0;;;;0;0;1;1;1;Never;;;F;F;0;F;F;;;
0;0;NUMGate_M-1;1;;Name_Index_INC Vapeur in Month (Mois);;DOUBLE;;0;0;0;;;;0;0;1;1;1;Never;;;F;F;0;F;F;;;
0;0;NUMGate_A-1;0;;Name_Index_Debit Vapeur in Year (Ans);;DOUBLE;;0;0;0;;;;0;0;1;1;1;Never;;;F;F;0;F;F;;;
0;0;NUMGate_A-1;1;;Name_Index_INC Vapeur in Year (Ans);;DOUBLE;;0;0;0;;;;0;0;1;1;1;Never;;;F;F;0;F;F;;;
0;0;ONUMGate;0;;Name_OBJ_Debit vapeur Total;;DOUBLE;;0;0;0;;;;0;0;1;1;1;Never;;;F;F;0;F;F;;;
0;0;ONUMGate;1;;Name_OBJ_Qualite;;DOUBLE;;0;0;0;;;;0;0;1;1;1;Never;;;F;F;0;F;F;;;
0;0;ONUMGate;2;;Name_OBJ_Temperature;;DOUBLE;;0;0;0;;;;0;0;1;1;1;Never;;;F;F;0;F;F;;;
0;0;ONUMGate;3;;Name_OBJ_Pression;;DOUBLE;;0;0;0;;;;0;0;1;1;1;Never;;;F;F;0;F;F;;;
0;0;ONUMGate;4;;Name_OBJ_Debit Instantane;;DOUBLE;;0;0;0;;;;0;0;1;1;1;Never;;;F;F;0;F;F;;;
0;0;ONUMGate;5;;Name_OBJ_Debit Vapeur in Batch (Lot);;DOUBLE;;0;0;0;;;;0;0;1;1;1;Never;;;F;F;0;F;F;;;
0;0;ONUMGate;6;;Name_OBJ_INC Vapeur in Batch (Lot);;DOUBLE;;0;0;0;;;;0;0;1;1;1;Never;;;F;F;0;F;F;;;
0;0;ONUMGate;7;;Name_OBJ_Ratio Vapeur in Batch (Lot);;DOUBLE;;0;0;0;;;;0;0;1;1;1;Never;;;F;F;0;F;F;;;
0;0;ONUMGate;11;;Name_OBJ_Debit Vapeur in Day (Jour);;DOUBLE;;0;0;0;;;;0;0;1;1;1;Never;;;F;F;0;F;F;;;
0;0;ONUMGate;12;;Name_OBJ_INC Vapeur in Day (Jour);;DOUBLE;;0;0;0;;;;0;0;1;1;1;Never;;;F;F;0;F;F;;;
0;0;ONUMGate;13;;Name_OBJ_Ratio Vapeur in Day (Jour);;DOUBLE;;0;0;0;;;;0;0;1;1;1;Never;;;F;F;0;F;F;;;
0;0;ONUMGate;17;;Name_OBJ_Debit Vapeur in Week (Semaine);;DOUBLE;;0;0;0;;;;0;0;1;1;1;Never;;;F;F;0;F;F;;;
0;0;ONUMGate;18;;Name_OBJ_INC Vapeur in Week (Semaine);;DOUBLE;;0;0;0;;;;0;0;1;1;1;Never;;;F;F;0;F;F;;;
0;0;ONUMGate;19;;Name_OBJ_Ratio Vapeur in Week (Semaine);;DOUBLE;;0;0;0;;;;0;0;1;1;1;Never;;;F;F;0;F;F;;;
0;0;ONUMGate;23;;Name_OBJ_Debit Vapeur in Month (Mois);;DOUBLE;;0;0;0;;;;0;0;1;1;1;Never;;;F;F;0;F;F;;;
0;0;ONUMGate;24;;Name_OBJ_INC Vapeur in Month (Mois);;DOUBLE;;0;0;0;;;;0;0;1;1;1;Never;;;F;F;0;F;F;;;
0;0;ONUMGate;25;;Name_OBJ_Ratio Vapeur in Month (Mois);;DOUBLE;;0;0;0;;;;0;0;1;1;1;Never;;;F;F;0;F;F;;;
0;0;ONUMGate;29;;Name_OBJ_Debit Vapeur in Year (Ans);;DOUBLE;;0;0;0;;;;0;0;1;1;1;Never;;;F;F;0;F;F;;;
0;0;ONUMGate;30;;Name_OBJ_INC Vapeur in Year (Ans);;DOUBLE;;0;0;0;;;;0;0;1;1;1;Never;;;F;F;0;F;F;;;
0;0;ONUMGate;31;;Name_OBJ_Ratio Vapeur in Year (Ans);;DOUBLE;;0;0;0;;;;0;0;1;1;1;Never;;;F;F;0;F;F;;;
0;0;ONUMGate;35;;Name_OBJ_Temp moy in Batch;;DOUBLE;;0;0;0;;;;0;0;1;1;1;Never;;;F;F;0;F;F;;;
0;0;ONUMGate;37;;Name_OBJ_Temp moy in Jour;;DOUBLE;;0;0;0;;;;0;0;1;1;1;Never;;;F;F;0;F;F;;;
0;0;ONUMGate;39;;Name_OBJ_Temp moy in Semaine;;DOUBLE;;0;0;0;;;;0;0;1;1;1;Never;;;F;F;0;F;F;;;
0;0;ONUMGate;41;;Name_OBJ_Temp moy in Mois;;DOUBLE;;0;0;0;;;;0;0;1;1;1;Never;;;F;F;0;F;F;;;
0;0;ONUMGate;43;;Name_OBJ_Temp moy in Ans;;DOUBLE;;0;0;0;;;;0;0;1;1;1;Never;;;F;F;0;F;F;;;
0;0;ONUMGate;45;;Name_OBJ_Temp min in Batch;;DOUBLE;;0;0;0;;;;0;0;1;1;1;Never;;;F;F;0;F;F;;;
0;0;ONUMGate;47;;Name_OBJ_Temp min in Jour;;DOUBLE;;0;0;0;;;;0;0;1;1;1;Never;;;F;F;0;F;F;;;
0;0;ONUMGate;49;;Name_OBJ_Temp min in Semaine;;DOUBLE;;0;0;0;;;;0;0;1;1;1;Never;;;F;F;0;F;F;;;
0;0;ONUMGate;51;;Name_OBJ_Temp min in Mois;;DOUBLE;;0;0;0;;;;0;0;1;1;1;Never;;;F;F;0;F;F;;;
0;0;ONUMGate;53;;Name_OBJ_Temp min in Ans;;DOUBLE;;0;0;0;;;;0;0;1;1;1;Never;;;F;F;0;F;F;;;
0;0;ONUMGate;55;;Name_OBJ_Temp max in Batch;;DOUBLE;;0;0;0;;;;0;0;1;1;1;Never;;;F;F;0;F;F;;;
0;0;ONUMGate;57;;Name_OBJ_Temp max in Jour;;DOUBLE;;0;0;0;;;;0;0;1;1;1;Never;;;F;F;0;F;F;;;
0;0;ONUMGate;59;;Name_OBJ_Temp max in Semaine;;DOUBLE;;0;0;0;;;;0;0;1;1;1;Never;;;F;F;0;F;F;;;
0;0;ONUMGate;61;;Name_OBJ_Temp max in Mois;;DOUBLE;;0;0;0;;;;0;0;1;1;1;Never;;;F;F;0;F;F;;;
0;0;ONUMGate;63;;Name_OBJ_Temp max in Ans;;DOUBLE;;0;0;0;;;;0;0;1;1;1;Never;;;F;F;0;F;F;;;
0;0;ONUMGate;65;;Name_OBJ_Debit Instantane moy in Batch;;DOUBLE;;0;0;0;;;;0;0;1;1;1;Never;;;F;F;0;F;F;;;
0;0;ONUMGate;67;;Name_OBJ_Debit Instantane moy in Jour;;DOUBLE;;0;0;0;;;;0;0;1;1;1;Never;;;F;F;0;F;F;;;
0;0;ONUMGate;69;;Name_OBJ_Debit Instantane moy in Semaine;;DOUBLE;;0;0;0;;;;0;0;1;1;1;Never;;;F;F;0;F;F;;;
0;0;ONUMGate;71;;Name_OBJ_Debit Instantane moy in Mois;;DOUBLE;;0;0;0;;;;0;0;1;1;1;Never;;;F;F;0;F;F;;;
0;0;ONUMGate;73;;Name_OBJ_Debit Instantane moy in Ans;;DOUBLE;;0;0;0;;;;0;0;1;1;1;Never;;;F;F;0;F;F;;;
0;0;ONUMGate;75;;Name_OBJ_Debit Instantane min in Batch;;DOUBLE;;0;0;0;;;;0;0;1;1;1;Never;;;F;F;0;F;F;;;
0;0;ONUMGate;77;;Name_OBJ_Debit Instantane min in Jour;;DOUBLE;;0;0;0;;;;0;0;1;1;1;Never;;;F;F;0;F;F;;;
0;0;ONUMGate;79;;Name_OBJ_Debit Instantane min in Semaine;;DOUBLE;;0;0;0;;;;0;0;1;1;1;Never;;;F;F;0;F;F;;;
0;0;ONUMGate;81;;Name_OBJ_Debit Instantane min in Mois;;DOUBLE;;0;0;0;;;;0;0;1;1;1;Never;;;F;F;0;F;F;;;
0;0;ONUMGate;83;;Name_OBJ_Debit Instantane min in Ans;;DOUBLE;;0;0;0;;;;0;0;1;1;1;Never;;;F;F;0;F;F;;;
0;0;ONUMGate;85;;Name_OBJ_Debit Instantane max in Batch;;DOUBLE;;0;0;0;;;;0;0;1;1;1;Never;;;F;F;0;F;F;;;
0;0;ONUMGate;87;;Name_OBJ_Debit Instantane max in Jour;;DOUBLE;;0;0;0;;;;0;0;1;1;1;Never;;;F;F;0;F;F;;;
0;0;ONUMGate;89;;Name_OBJ_Debit Instantane max in Semaine;;DOUBLE;;0;0;0;;;;0;0;1;1;1;Never;;;F;F;0;F;F;;;
0;0;ONUMGate;91;;Name_OBJ_Debit Instantane max in Mois;;DOUBLE;;0;0;0;;;;0;0;1;1;1;Never;;;F;F;0;F;F;;;
0;0;ONUMGate;93;;Name_OBJ_Debit Instantane max in Ans;;DOUBLE;;0;0;0;;;;0;0;1;1;1;Never;;;F;F;0;F;F;;;
0;0;ONUMGate;95;;Name_OBJ_Qualite moy in Batch;;DOUBLE;;0;0;0;;;;0;0;1;1;1;Never;;;F;F;0;F;F;;;
0;0;ONUMGate;97;;Name_OBJ_Qualite moy in Jour;;DOUBLE;;0;0;0;;;;0;0;1;1;1;Never;;;F;F;0;F;F;;;
0;0;ONUMGate;99;;Name_OBJ_Qualite moy in Semaine;;DOUBLE;;0;0;0;;;;0;0;1;1;1;Never;;;F;F;0;F;F;;;
0;0;ONUMGate;101;;Name_OBJ_Qualite moy in Mois;;DOUBLE;;0;0;0;;;;0;0;1;1;1;Never;;;F;F;0;F;F;;;
0;0;ONUMGate;103;;Name_OBJ_Qualite moy in Ans;;DOUBLE;;0;0;0;;;;0;0;1;1;1;Never;;;F;F;0;F;F;;;
0;0;ONUMGate;105;;Name_OBJ_Qualite min in Batch;;DOUBLE;;0;0;0;;;;0;0;1;1;1;Never;;;F;F;0;F;F;;;
0;0;ONUMGate;107;;Name_OBJ_Qualite min in Jour;;DOUBLE;;0;0;0;;;;0;0;1;1;1;Never;;;F;F;0;F;F;;;
0;0;ONUMGate;109;;Name_OBJ_Qualite min in Semaine;;DOUBLE;;0;0;0;;;;0;0;1;1;1;Never;;;F;F;0;F;F;;;
0;0;ONUMGate;111;;Name_OBJ_Qualite min in Mois;;DOUBLE;;0;0;0;;;;0;0;1;1;1;Never;;;F;F;0;F;F;;;
0;0;ONUMGate;113;;Name_OBJ_Qualite min in Ans;;DOUBLE;;0;0;0;;;;0;0;1;1;1;Never;;;F;F;0;F;F;;;
0;0;ONUMGate;115;;Name_OBJ_Qualite max in Batch;;DOUBLE;;0;0;0;;;;0;0;1;1;1;Never;;;F;F;0;F;F;;;
0;0;ONUMGate;117;;Name_OBJ_Qualite max in Jour;;DOUBLE;;0;0;0;;;;0;0;1;1;1;Never;;;F;F;0;F;F;;;
0;0;ONUMGate;119;;Name_OBJ_Qualite max in Semaine;;DOUBLE;;0;0;0;;;;0;0;1;1;1;Never;;;F;F;0;F;F;;;
0;0;ONUMGate;121;;Name_OBJ_Qualite max in Mois;;DOUBLE;;0;0;0;;;;0;0;1;1;1;Never;;;F;F;0;F;F;;;
0;0;ONUMGate;123;;Name_OBJ_Qualite max in Ans;;DOUBLE;;0;0;0;;;;0;0;1;1;1;Never;;;F;F;0;F;F;;;
0;0;ONUMGate;125;;Name_OBJ_Pression moy in Batch;;DOUBLE;;0;0;0;;;;0;0;1;1;1;Never;;;F;F;0;F;F;;;
0;0;ONUMGate;127;;Name_OBJ_Pression moy in Jour;;DOUBLE;;0;0;0;;;;0;0;1;1;1;Never;;;F;F;0;F;F;;;
0;0;ONUMGate;129;;Name_OBJ_Pression moy in Semaine;;DOUBLE;;0;0;0;;;;0;0;1;1;1;Never;;;F;F;0;F;F;;;
0;0;ONUMGate;131;;Name_OBJ_Pression moy in Mois;;DOUBLE;;0;0;0;;;;0;0;1;1;1;Never;;;F;F;0;F;F;;;
0;0;ONUMGate;133;;Name_OBJ_Pression moy in Ans;;DOUBLE;;0;0;0;;;;0;0;1;1;1;Never;;;F;F;0;F;F;;;
0;0;ONUMGate;135;;Name_OBJ_Pression min in Batch;;DOUBLE;;0;0;0;;;;0;0;1;1;1;Never;;;F;F;0;F;F;;;
0;0;ONUMGate;137;;Name_OBJ_Pression min in Jour;;DOUBLE;;0;0;0;;;;0;0;1;1;1;Never;;;F;F;0;F;F;;;
0;0;ONUMGate;139;;Name_OBJ_Pression min in Semaine;;DOUBLE;;0;0;0;;;;0;0;1;1;1;Never;;;F;F;0;F;F;;;
0;0;ONUMGate;141;;Name_OBJ_Pression min in Mois;;DOUBLE;;0;0;0;;;;0;0;1;1;1;Never;;;F;F;0;F;F;;;
0;0;ONUMGate;143;;Name_OBJ_Pression min in Ans;;DOUBLE;;0;0;0;;;;0;0;1;1;1;Never;;;F;F;0;F;F;;;
0;0;ONUMGate;145;;Name_OBJ_Pression max in Batch;;DOUBLE;;0;0;0;;;;0;0;1;1;1;Never;;;F;F;0;F;F;;;
0;0;ONUMGate;147;;Name_OBJ_Pression max in Jour;;DOUBLE;;0;0;0;;;;0;0;1;1;1;Never;;;F;F;0;F;F;;;
0;0;ONUMGate;149;;Name_OBJ_Pression max in Semaine;;DOUBLE;;0;0;0;;;;0;0;1;1;1;Never;;;F;F;0;F;F;;;
0;0;ONUMGate;151;;Name_OBJ_Pression max in Mois;;DOUBLE;;0;0;0;;;;0;0;1;1;1;Never;;;F;F;0;F;F;;;
0;0;ONUMGate;153;;Name_OBJ_Pression max in Ans;;DOUBLE;;0;0;0;;;;0;0;1;1;1;Never;;;F;F;0;F;F;;;
0;0;ONUMGate;157;;Name_OBJ_Conformite_B;;DOUBLE;;0;0;0;;;;0;0;1;1;3;Never;;;F;F;0;T;F;;;
0;0;ONUMGate;159;;Name_OBJ_Conformite_J;;DOUBLE;;0;0;0;;;;0;0;1;1;3;Never;;;F;F;0;T;F;;;
0;0;ONUMGate;161;;Name_OBJ_Conformite_S;;DOUBLE;;0;0;0;;;;0;0;1;1;3;Never;;;F;F;0;T;F;;;
0;0;ONUMGate;163;;Name_OBJ_Conformite_M;;DOUBLE;;0;0;0;;;;0;0;1;1;3;Never;;;F;F;0;T;F;;;
0;0;ONUMGate;165;;Name_OBJ_Conformite_A;;DOUBLE;;0;0;0;;;;0;0;1;1;3;Never;;;F;F;0;T;F;;;
